{"00": 0.86434209, "01": 0.06535790999999996, "10": 0.06535790999999996, "11": 0.004942089999999996}