{"00": 0.011004009999999998, "01": 0.09389598999999997, "10": 0.09389598999999997, "11": 0.80120401}