{"00": 0.40843443999999995, "01": 0.40646604, "10": 0.09358804, "11": 0.09151148}