{"00": 0.39510012999999994, "01": 0.3866000499999999, "10": 0.11340194999999995, "11": 0.10489786999999996}