{"00": 0.40156864, "01": 0.39936417999999996, "10": 0.10063583999999996, "11": 0.09843133999999995}