{"00": 0.020107239999999995, "01": 0.12169275999999998, "10": 0.12169275999999998, "11": 0.7365072400000001}