{"00": 0.4257318699999999, "01": 0.4257254099999999, "10": 0.07427460999999996, "11": 0.07426810999999997}