{"00": 0.42392880999999993, "01": 0.42368241, "10": 0.07633111000000001, "11": 0.07605767}