{"00": 0.3724633999999999, "01": 0.3687711799999999, "10": 0.13123459999999998, "11": 0.12753081999999996}