{"00": 0.006905610000000001, "01": 0.07619439, "10": 0.07619439, "11": 0.8407056100000001}