{"00": 0.8626694400000001, "01": 0.06613055999999998, "10": 0.06613055999999998, "11": 0.005069439999999998}