{"00": 0.4219186, "01": 0.42186772, "10": 0.07816589999999997, "11": 0.07804777999999997}