{"00": 0.37166036999999996, "01": 0.36860275, "10": 0.13168524999999995, "11": 0.12805162999999997}