{"00": 0.83192641, "01": 0.08017358999999996, "10": 0.08017358999999996, "11": 0.007726409999999996}