{"00": 0.35666535999999993, "01": 0.3566697599999999, "10": 0.14333535999999997, "11": 0.14332952}