{"00": 0.012566409999999995, "01": 0.09953358999999995, "10": 0.09953358999999995, "11": 0.7883664100000001}