{"00": 0.4100473599999999, "01": 0.40216065999999995, "10": 0.09784031999999998, "11": 0.08995165999999999}