{"00": 0.91948921, "01": 0.039410790000000015, "10": 0.039410790000000015, "11": 0.0016892100000000022}