{"00": 0.42298563999999994, "01": 0.41666717999999986, "10": 0.08378883999999996, "11": 0.07655833999999996}