{"00": 0.015550089999999994, "01": 0.10914990999999996, "10": 0.10914990999999996, "11": 0.7661500899999999}