{"00": 0.68326756, "01": 0.14333243999999998, "10": 0.14333243999999998, "11": 0.03006756}