{"00": 0.4342448, "01": 0.43349408000000006, "10": 0.06650791999999998, "11": 0.06575319999999998}