{"00": 0.02331729, "01": 0.12938270999999996, "10": 0.12938270999999996, "11": 0.7179172899999999}