{"00": 0.84492864, "01": 0.07427135999999997, "10": 0.07427135999999997, "11": 0.006528639999999997}