{"00": 0.92563641, "01": 0.03646358999999998, "10": 0.03646358999999998, "11": 0.0014364099999999993}