{"00": 0.46053160999999987, "01": 0.4606468099999998, "10": 0.03949431000000002, "11": 0.03932727000000002}