{"00": 0.37538583, "01": 0.37552944999999993, "10": 0.12469104999999997, "11": 0.12439366999999997}