{"00": 0.83046769, "01": 0.08083230999999999, "10": 0.08083230999999999, "11": 0.00786769}