{"00": 0.4215046399999999, "01": 0.4168307399999999, "10": 0.08341567999999998, "11": 0.07824893999999999}