{"00": 0.37832242, "01": 0.37786239999999993, "10": 0.13106207999999997, "11": 0.11275309999999997}