{"00": 0.010650240000000004, "01": 0.09254976, "10": 0.09254976, "11": 0.8042502400000001}