{"00": 0.02019241, "01": 0.12190758999999997, "10": 0.12190758999999997, "11": 0.73599241}