{"00": 0.7296576400000001, "01": 0.12454235999999996, "10": 0.12454235999999996, "11": 0.021257639999999994}