{"00": 0.37819956, "01": 0.37841491999999993, "10": 0.13075166, "11": 0.11263385999999997}