{"00": 0.46365640999999985, "01": 0.46341640999999995, "10": 0.036787609999999984, "11": 0.03613956999999998}