{"00": 0.42187741, "01": 0.42190890999999997, "10": 0.07813716999999996, "11": 0.07807650999999997}