{"00": 0.4350664099999999, "01": 0.4342177699999999, "10": 0.06627520999999996, "11": 0.06444060999999997}