{"00": 0.023531559999999993, "01": 0.12986843999999995, "10": 0.12986843999999995, "11": 0.71673156}