{"00": 0.8364931600000002, "01": 0.07810683999999997, "10": 0.07810683999999997, "11": 0.007293159999999996}